{
  "timestamp": "2026-04-23 07:15:09",
  "benchmark_type": "A100-Enhanced Hetero-KV",
  "configuration": {
    "memory_limit_gb": 24.0,
    "a100_fraction": 0.3,
    "gpu_model": "A100-80GB (simulated)"
  },
  "results": [
    {
      "tokens": 128000,
      "ttft": 3.5682995319366455,
      "peak_memory_gb": 2.2000808715820312,
      "steady_memory_gb": 1.9555435180664062,
      "oom_violation": false,
      "memory_efficiency": 1.0,
      "dram_chunks": 59,
      "seq_length": 8256
    },
    {
      "tokens": 200000,
      "ttft": 4.622511148452759,
      "peak_memory_gb": 3.2943673133850098,
      "steady_memory_gb": 3.0547127723693848,
      "oom_violation": false,
      "memory_efficiency": 1.0,
      "dram_chunks": 94,
      "seq_length": 8256
    }
  ],
  "summary": {
    "total_runs": 2,
    "successful_runs": 2,
    "max_successful_tokens": 200000
  }
}