{
  "device": "NVIDIA A100 80GB PCIe",
  "cuda_version": "12.8",
  "pytorch_version": "2.9.0+cu128",
  "test_config": {
    "min_new_tokens": 20,
    "chunk_size": 2048,
    "model": "Qwen2.5-7B-Instruct (local, BF16)",
    "note": "VRAM includes model weights (~14GB) + KV Cache + activations",
    "cuda_warmup": true
  },
  "tests": [
    {
      "seq_length": 4096,
      "hetero": {
        "success": true,
        "ttft": 0.8010127544403076,
        "tpot": 0.057786095142364505,
        "tpot_std": 0.0063131025689476695,
        "total_decode_time": 1.157520055770874,
        "generated_tokens": 20,
        "peak_memory_gb": 0.5801715850830078,
        "steady_memory_gb": 0.0003466606140136719,
        "dram_entries": 0,
        "seq_length": 4216,
        "decode_times_ms": [
          81.37345314025879,
          58.92205238342285,
          60.32156944274902,
          55.252790451049805,
          59.05723571777344,
          60.18352508544922,
          49.219369888305664,
          49.34978485107422,
          59.19837951660156,
          60.85705757141113,
          60.037851333618164,
          54.94189262390137,
          60.01591682434082,
          55.106401443481445,
          55.67336082458496,
          55.03964424133301,
          54.933786392211914,
          55.010318756103516,
          56.18739128112793,
          55.04012107849121
        ]
      },
      "native": {
        "success": true,
        "ttft": 0.5919060707092285,
        "tpot": 0.05616755485534668,
        "tpot_std": 0.0013816440827226046,
        "total_decode_time": 1.1238338947296143,
        "generated_tokens": 20,
        "peak_memory_gb": 1.1897993087768555,
        "steady_memory_gb": 0.0003466606140136719,
        "decode_times_ms": [
          53.23362350463867,
          51.7885684967041,
          57.27577209472656,
          57.001590728759766,
          57.40809440612793,
          57.10268020629883,
          57.51180648803711,
          57.11174011230469,
          56.95652961730957,
          57.07526206970215,
          56.59604072570801,
          57.019948959350586,
          56.09488487243652,
          55.32360076904297,
          56.090354919433594,
          55.84383010864258,
          56.023359298706055,
          55.97686767578125,
          55.835723876953125,
          56.08081817626953
        ]
      },
      "actual_length": 4196
    },
    {
      "seq_length": 8192,
      "hetero": {
        "success": true,
        "ttft": 1.515636920928955,
        "tpot": 0.11292308568954468,
        "tpot_std": 0.032645840145361225,
        "total_decode_time": 2.259392499923706,
        "generated_tokens": 20,
        "peak_memory_gb": 1.1897993087768555,
        "steady_memory_gb": 0.002330303192138672,
        "dram_entries": 588,
        "seq_length": 8256,
        "decode_times_ms": [
          80.27887344360352,
          78.66287231445312,
          78.63068580627441,
          81.83407783508301,
          80.9469223022461,
          78.86147499084473,
          89.41054344177246,
          87.18729019165039,
          87.79525756835938,
          89.79511260986328,
          180.6771755218506,
          156.15177154541016,
          147.1245288848877,
          122.4679946899414,
          122.5583553314209,
          122.15042114257812,
          121.94275856018066,
          158.8115692138672,
          149.51753616333008,
          143.65649223327637
        ]
      },
      "native": {
        "success": true,
        "ttft": 1.4793429374694824,
        "tpot": 0.09272580146789551,
        "tpot_std": 0.0041091557261330805,
        "total_decode_time": 1.8554680347442627,
        "generated_tokens": 20,
        "peak_memory_gb": 2.3500165939331055,
        "steady_memory_gb": 0.0004076957702636719,
        "decode_times_ms": [
          95.75724601745605,
          78.857421875,
          95.60918807983398,
          93.38045120239258,
          95.74389457702637,
          94.65241432189941,
          94.95925903320312,
          95.18957138061523,
          94.62571144104004,
          95.0932502746582,
          94.46048736572266,
          95.14665603637695,
          97.10121154785156,
          88.82308006286621,
          91.62163734436035,
          87.58354187011719,
          92.42677688598633,
          94.4209098815918,
          89.71929550170898,
          89.34402465820312
        ]
      },
      "actual_length": 8292
    },
    {
      "seq_length": 16384,
      "hetero": {
        "success": true,
        "ttft": 4.627203702926636,
        "tpot": 0.14404726028442383,
        "tpot_std": 0.023950663084797767,
        "total_decode_time": 2.8815035820007324,
        "generated_tokens": 20,
        "peak_memory_gb": 2.3500165939331055,
        "steady_memory_gb": 0.44343137741088867,
        "dram_entries": 700,
        "seq_length": 8256,
        "decode_times_ms": [
          128.83496284484863,
          128.7367343902588,
          145.3876495361328,
          146.1160182952881,
          143.19825172424316,
          134.55939292907715,
          147.6302146911621,
          139.30583000183105,
          140.14554023742676,
          143.8620090484619,
          143.65744590759277,
          147.25494384765625,
          147.71246910095215,
          144.57297325134277,
          184.80181694030762,
          226.19915008544922,
          120.21064758300781,
          119.79842185974121,
          108.61325263977051,
          140.34748077392578
        ]
      },
      "native": {
        "success": false,
        "error": "OOM",
        "message": "CUDA out of memory. Tried to allocate 4.67 GiB. GPU 0 has a total capacity of 79.25 GiB of which 3.82 GiB is free. Process 1609565 has 2.55 GiB memory in use. Process 1639676 has 2.56 GiB memory in use. Process 1931705 has 68.88 GiB memory in use. Process 2107152 has 920.00 MiB memory in use. Including non-PyTorch memory, this process has 514.00 MiB memory in use. Of the allocated memory 258.00 KiB is allocated by PyTorch, and 1.75 MiB is reserved by PyTorch but unallocated. If reserved but unallocated memory is large try setting PYTORCH_CUDA_ALLOC_CONF=expandable_segments:True to avoid fragmentation.  See documentation for Memory Management  (https://pytorch.org/docs/stable/notes/cuda.html#environment-variables)"
      },
      "actual_length": 16484
    },
    {
      "seq_length": 32768,
      "hetero": {
        "success": true,
        "ttft": 8.19564414024353,
        "tpot": 0.13582719564437867,
        "tpot_std": 0.02456900420382238,
        "total_decode_time": 2.7170300483703613,
        "generated_tokens": 20,
        "peak_memory_gb": 2.3500165939331055,
        "steady_memory_gb": 1.3186755180358887,
        "dram_entries": 924,
        "seq_length": 8256,
        "decode_times_ms": [
          117.84148216247559,
          122.59864807128906,
          120.55253982543945,
          147.25613594055176,
          229.39205169677734,
          122.77770042419434,
          146.0862159729004,
          127.02012062072754,
          123.68226051330566,
          148.79179000854492,
          120.91517448425293,
          151.31139755249023,
          122.52259254455566,
          133.18157196044922,
          128.2792091369629,
          114.81142044067383,
          146.8195915222168,
          122.77722358703613,
          148.18906784057617,
          121.73771858215332
        ]
      },
      "native": {
        "skipped": true,
        "reason": "\u957f\u5e8f\u5217\u9884\u671fOOM"
      },
      "actual_length": 32868
    }
  ]
}